Luis;677445909
Andrés;655694832
Julio;645890345
Federico;645637823
Carlos;633087345
Antonio;689234765
Felipe;612809272
José;644678123
Juan;600456234
Isidro;600111567
José;644678123
Iván;680805305
Felipe;612809272
Miguel;682101988
Eduardo;644161787
Carlos;633087345
Luis;677445909
Isidro;600111567
Miguel;682101988
José;644678123
José;644678123
Iván;680805305
Antonio;689234765
Eduardo;644161787
Iván;680805305
Andrés;655694832
Carlos;633087345
Luis;677445909
Isidro;600111567
Miguel;682101988
Julio;645890345
Federico;645637823
Carlos;633087345
Antonio;689234765
Felipe;612809272
